movie_id,gross
tt0274309,2801397
tt0298203,242875078
tt0315733,60466876
tt0337563,96455697
tt0463854,65048678
tt0450385,132963417
tt0172495,465380802
tt0208092,83557872
tt0209144,40047078
tt0335266,118686937
tt0327056,156595191
tt0266697,180906076
tt0338013,74036715
tt0401792,158733820
tt0449467,135330182
tt0206634,70595464
tt0765443,56107312
tt0477348,171627166
tt0469494,76182388
tt0910970,521311890
tt1049413,735099102
tt0499549,2847379794
tt1130884,294805697
tt1375666,836848102
tt1403865,252276927
tt0780504,77187281
tt1024648,232325503
tt1853728,426074373
tt1392214,122126687
tt0816692,701729206
tt1065073,48137666
tt2582802,49396747
tt2267998,369330363
tt2872718,47398992
tt1392190,375709470
tt2096673,858848019
tt5052448,255745157
tt3315342,619179950
tt5013056,527016307
tt5027774,160260573
tt2283362,962542945
tt6000478,13025860
tt5657846,180613824
tt0375679,98410061
tt0352248,108539911
tt0414387,121616555
tt0758758,56675895
tt2872732,458863600
tt2179136,547459020
tt2084970,233555708
tt0181984,28780255
tt0134847,53187659
tt0181151,14145677
tt0195685,256271286
tt0195714,112880294
tt0146882,47126295
tt0186151,68106245
tt0160797,71732303
tt0144084,34266564
tt0171433,59945183
tt0141926,127666415
tt0171359,2046433
tt0215129,119754278
tt0120755,546388108
tt0184894,99274467
tt0187078,237202299
tt0120903,296339528
tt0171580,29364989
tt0218839,20789556
tt0210945,136771683
tt0212338,330444045
tt0180093,7390108
tt0223897,55707411
tt0203019,82343495
tt0186894,53425292
tt0217869,248118121
tt0207201,374111707
tt0162222,429632142
tt0212346,212742720
tt0190590,71870729
tt0120202,9206279
tt0149624,18133495
tt0181865,207515725
tt0179626,56359980
tt0132245,54744738
tt0213149,449220945
tt0251075,98376292
tt0244244,147080413
tt0240462,176104344
tt0198021,40863718
tt0130623,349822765
tt0120630,224834564
tt0183505,149270999
tt0160127,264105545
tt0173840,85131830
tt0175142,278019771
tt0200550,113916474
tt0181875,47386287
tt0230030,90383208
tt0212985,351692268
tt0243155,281995610
tt0212720,235926552
tt0250494,141774679
tt0265029,138307673
tt0196229,60780981
tt0166924,20271129
tt0120681,74558115
tt0246578,6981586
tt0256380,141069860
tt0240772,450717150
tt0259711,203388341
tt0265086,172989651
tt0181689,358372926
tt0286106,408247917
tt0289765,209196298
tt0295297,879793867
tt0183649,97837138
tt0305224,195745823
tt0309698,90259536
tt0315327,484592874
tt0319061,123218424
tt0289879,96822421
tt0349825,64445708
tt0343660,198520934
tt0317648,108040622
tt0335438,170268750
tt0363988,92913171
tt0167190,99378985
tt0378194,154118820
tt0332452,497409852
tt0298148,928760770
tt0304141,797491273
tt0316654,788976453
tt0349683,203567857
tt0357413,90709367
tt0343818,353133898
tt0327554,82102379
tt0369339,220239925
tt0318627,129342769
tt0365748,30097092
tt0307453,374583879
tt0390384,545436
tt0375063,109706931
tt0361862,8203235
tt0387564,103911669
tt0308644,116650613
tt0368891,347512318
tt0376541,115505027
tt0349903,362744280
tt0405159,216763646
tt0367594,474968763
tt0290002,522657936
tt0357277,56995646
tt0358082,262511490
tt0318649,119240351
tt0320661,218122627
tt0121766,868390560
tt0351283,542063846
tt0356910,487287646
tt0372784,373672993
tt0407304,603873119
tt0120667,333535934
tt0396269,288485135
tt0379786,40445129
tt0388482,89083229
tt0399295,72617068
tt0121164,118133252
tt0379725,49327405
tt0373469,15785148
tt0388795,178062759
tt0433383,54641191
tt0365737,93974620
tt0330373,896730264
tt0416320,85638656
tt0450278,81979826
tt0370032,31070211
tt0425210,56308881
tt0317919,398479497
tt0475276,76700659
tt0389860,240685326
tt0383574,1066179747
tt0452637,72785169
tt0348150,391081192
tt0449059,101058954
tt0477347,574481229
tt0443453,262552893
tt0489270,164874275
tt0381061,616502912
tt0450259,171720398
tt0382932,623726085
tt0259324,228738393
tt0425112,80743363
tt0443706,84785914
tt0822854,95696996
tt0448134,34806812
tt0478311,219922417
tt0413267,813367380
tt0449088,960996492
tt1028528,31126421
tt0795368,46789413
tt0413099,174440724
tt0418279,709709780
tt0373889,942201710
tt0829482,170812526
tt1077258,11446172
tt0432021,147717833
tt0292963,25038466
tt0480249,585410052
tt0467406,232372681
tt0472062,119483446
tt0780536,34085749
tt0409459,185382813
tt1010048,378410542
tt0327597,124596837
tt0361748,321457747
tt0947798,329398046
tt1201607,1342359942
tt1798709,48517427
tt1877832,746045700
tt1260502,489807
tt0242423,73180723
tt0162983,51880044
tt0185014,33426588
tt0183523,110983407
tt0165929,91036760
tt0122459,36609995
tt0191754,62198945
tt0210616,26385941
tt0208003,173959438
tt0120913,36754634
tt0161081,291420351
tt0205461,19748009
tt0186566,128884132
tt0195234,28741330
tt0202641,1015122
tt0249462,109283018
tt0185431,58292295
tt0199753,33463969
tt0203230,11242521
tt0190374,33978694
tt0190865,215663859
tt0241303,152699976
tt0183659,10994533
tt0181536,80049764
tt0210299,3171273
tt0189998,11155214
tt0206275,131706809
tt0190524,4224065
tt0215750,96976270
tt0125022,57756408
tt0244970,38689940
tt0227538,147934180
tt0236348,14866015
tt0225071,29715606
tt0126029,488351320
tt0189541,2335352
tt0230011,186053725
tt0146316,274703340
tt0271027,64437847
tt0133152,362211740
tt0203540,1961054
tt0208196,688523
tt0180734,44102389
tt0246464,8493890
tt0252501,30919415
tt0240890,77516304
tt0272152,65001485
tt0198781,579707738
tt0280707,87754044
tt0277027,97818139
tt0285742,45011434
tt0245844,75395048
tt0293416,4035192
tt0233469,78382433
tt0259288,52323400
tt0268380,383257136
tt0120804,102984862
tt0258000,197079546
tt0248190,62703
tt0259446,368744044
tt0145487,825025036
tt0276751,130549455
tt0278435,51806184
tt0279778,73839240
tt0265591,308552
tt0253556,82150183
tt0295701,277448382
tt0256276,14815898
tt0256415,180622424
tt0298388,25621297
tt0283084,19344615
tt0303933,57588485
tt0252076,154906693
tt0253754,67336470
tt0313737,199043471
tt0299658,306776732
tt0309912,3651462
tt0251127,177502387
tt0300471,88323487
tt0287978,179179718
tt0305669,164729679
tt0286499,76585828
tt0311289,71406573
tt0290334,407711549
tt0266543,940352645
tt0298228,41062976
tt0286716,245285165
tt0181852,433371112
tt0329575,148336445
tt0313911,58795814
tt0327137,48260279
tt0320691,95708457
tt0314412,9781854
tt0342300,69544
tt0311648,3282321
tt0316465,53293628
tt0319343,225097437
tt0314331,245203167
tt0322589,62228395
tt0337741,265328738
tt0335119,33030115
tt0335559,21513434
tt0365957,50576805
tt0361467,33251890
tt0327679,27388767
tt0377092,130126277
tt0338526,300157638
tt0350028,49718611
tt0374900,46138887
tt0327437,72178895
tt0333766,35825316
tt0361841,22035509
tt0337960,805894
tt0241025,19463185
tt0360201,41682237
tt0368658,2307092
tt0390022,61950770
tt0327919,329577
tt0359013,131977904
tt0385267,61315215
tt0375210,91196419
tt0393162,76669554
tt0386588,371594210
tt0361411,24716440
tt0360486,230884728
tt0317132,33589427
tt0397103,32833
tt0332285,1319492
tt0384504,1236518
tt0384488,1881975
tt0374536,131426169
tt0405325,86369815
tt0417001,58231520
tt0425123,102854431
tt0377107,14189860
tt0368709,52164016
tt0371606,314432837
tt0358273,186797986
tt0294870,31670620
tt0387059,6856989
tt0360717,556906378
tt0397535,162242962
tt0392465,84447
tt0402894,37691644
tt0383222,3650275
tt0401855,111476513
tt0240200,13014956
tt0396752,123276807
tt0397313,120455994
tt0437800,18948425
tt0430634,31976848
tt0327084,339795890
tt0385880,141861243
tt0445990,58480828
tt0366548,384336108
tt0449010,250425512
tt0398808,137587063
tt0413300,894983373
tt0486655,137515140
tt0252444,16217411
tt0374102,54683487
tt0371746,585796247
tt1190080,791217826
tt0804529,107559
tt1219289,161849455
tt1464540,149878437
tt1399103,1123794079
tt1637688,173930596
tt1386703,198467168
tt1815862,243611982
tt0770828,668045518
tt1663662,411002906
tt1454468,723192705
tt1234721,242688965
tt1631867,370541256
tt1617661,183887723
tt2397535,4942449
tt1823672,102811889
tt2962726,252293
tt1502712,167882881
tt3659388,630620818
tt2304933,109906372
tt2543164,203388186
tt1355644,303144152
tt1219827,169846945
tt0134983,14828081
tt0127349,270745
tt0160644,769272
tt0176783,12591270
tt0144142,40361
tt0217630,18404706
tt0182295,299792
tt0162711,295683
tt0162650,107626125
tt0163983,40443010
tt0234137,580372
tt0216772,1247949
tt0206420,10194274
tt0168629,40061153
tt0210075,1666028
tt0215545,2463650
tt0208988,19412993
tt0160484,31355910
tt0229260,47737094
tt0228750,62761005
tt0247196,8601053
tt0146309,66579890
tt0194218,779137
tt0190861,184301
tt0231775,71186502
tt0166276,7622365
tt0192071,19900366
tt0221027,83282296
tt0245686,30987695
tt0246002,23396049
tt0240515,14343028
tt0141907,10372291
tt0240913,6531687
tt0203119,10045893
tt0239395,200687492
tt0242193,704808
tt0227005,5480653
tt0162346,8764389
tt0243655,295206
tt0218922,35402320
tt0238112,62112895
tt0251141,3034980
tt0263488,59371303
tt0184791,19260537
tt0139654,104876233
tt0255321,1945689
tt0239986,3520373
tt0206314,36642838
tt0219965,67631903
tt0166110,8378853
tt0246628,645418
tt0243017,3176880
tt0264796,23903791
tt0249478,54249294
tt0275719,515900
tt0252503,28510652
tt0266987,143049560
tt0247425,44763181
tt0193560,763740
tt0283509,4858869
tt0261066,275171
tt0280778,16153953
tt0259393,15747450
tt0248667,87812729
tt0245046,5323109
tt0240468,16994625
tt0250081,1318945
tt0240900,6413915
tt0265298,52970014
tt0265713,384098
tt0247745,23182223
tt0238546,45479110
tt0207524,73510
tt0291341,7310206
tt0265343,30787356
tt0277434,115374915
tt0278295,26306533
tt0216799,3033646
tt0279781,12517488
tt0262432,283846
tt0266452,8382938
tt0264472,94935764
tt0264616,17423030
tt0226935,60902
tt0157583,15713204
tt0282687,16872671
tt0121765,653779970
tt0278504,113758770
tt0286179,3369654
tt0257044,181001478
tt0280760,6919198
tt0245171,180616
tt0280491,1758689
tt0246677,4247089
tt0272338,24675714
tt0286261,2845696
tt0299117,1934497
tt0297884,29027914
tt0295238,890502
tt0307479,30002758
tt0257360,105834556
tt0307901,23932055
tt0168786,23367586
tt0217505,193772504
tt0272207,12633747
tt0264464,352114312
tt0290210,660763
tt0282698,223426
tt0270288,33013805
tt0271668,50097949
tt0299458,579986
tt0324080,260523
tt0301978,452895
tt0236640,129364
tt0316188,2816116
tt0304328,723040
tt0252684,69958
tt0285861,1271244
tt0324133,22441497
tt0301199,13904766
tt0316356,68296293
tt0305206,7986084
tt0325805,65565672
tt0310154,322097
tt0309820,29632684
tt0332379,131095990
tt0138524,120801243
tt0313542,80154140
tt0298845,25382911
tt0315983,16763804
tt0159365,173013509
tt0368913,3910519
tt0361925,14615099
tt0360009,8112712
tt0276919,16689283
tt0328107,130834852
tt0332375,10275509
tt0381681,15936507
tt0361309,3361213
tt0384810,579350
tt0383694,13267869
tt0360130,156767
tt0350258,123971376
tt0317198,265126918
tt0212712,20205757
tt0320193,6696952
tt0366777,11782282
tt0377091,802948
tt0395169,33882243
tt0416991,495270
tt0379357,6945
tt0382189,2766976
tt0415978,8012838
tt0327753,88078
tt0412019,47329961
tt0418773,3399228
tt0361715,994790
tt0318761,2138742
tt0380599,42580321
tt0338427,11675161
tt0408306,130982129
tt0444653,18586834
tt0385726,42938449
tt0420260,556268
tt0454848,186003591
tt0322700,3264
tt0317219,461991867
tt0422720,60917189
tt0459666,581875
tt0457513,39220946
tt0430357,163794509
tt0468489,4660481
tt0436697,123384128
tt0446747,121292
tt0404203,14821658
tt0468526,301047
tt0473308,22240529
tt0401997,40953935
tt0463903,91297
tt0454776,32120360
tt0218379,114283
tt0382765,6044112
tt0488120,92011561
tt0338216,8461686
tt0491747,9194283
tt0444628,193067
tt0494222,1298037
tt0842929,4545747
tt1093842,316743
tt0454931,513737
tt0498399,55033767
tt0465538,92991835
tt0805564,11293663
tt0757361,2900156
tt0854678,294309
tt0970468,16724933
tt1045670,18696602
tt0936501,226837760
tt0826711,1335987
tt0827517,1297260
tt0367882,790653942
tt0829193,544925
tt0942385,195702963
tt0887883,163728902
tt0800308,27712362
tt1084950,16937968
tt0383028,4658401
tt1054588,4802953
tt0830515,589580482
tt0851577,3557508
tt1013753,54589558
tt1129423,33473297
tt0986233,3185113
tt0918927,51699984
tt1205489,269958228
tt0870111,27426335
tt1068680,223241637
tt0985699,201545517
tt1152850,1192995
tt1103275,16303643
tt1135487,78176181
tt0990413,1144438
tt0493402,586888
tt1172203,12619
tt1173745,886407
tt1182345,9760107
tt1156173,5701481
tt1178663,36020534
tt1152836,214104620
tt0938341,943547
tt0964185,2874474
tt1339268,46590
tt1153690,81864
tt1078940,171844840
tt0386117,100140916
tt1224366,49971
tt1193138,166842739
tt0432283,46474181
tt0188160,3548556
tt1175506,2336172
tt1057500,122426792
tt0988045,524028679
tt1224153,906590
tt1120985,15440333
tt1399683,13796834
tt0804497,6491240
tt1228987,27093592
tt1542344,60738797
tt1101675,219244
tt1405809,2947270
tt1421051,14788642
tt1431181,19722766
tt1192628,245724603
tt1518812,1205257
tt1606392,11789613
tt0271537,3574
tt1478338,288383523
tt1605783,151672318
tt1216475,559852396
tt1598778,136515867
tt1210166,110206216
tt1340800,81515369
tt1675192,3741098
tt1204340,676111
tt1441326,4778439
tt1233192,2913599
tt0466893,564864
tt0970179,185770310
tt0391483,69816
tt1911600,1567478
tt1515091,543848418
tt1372686,2435325
tt1625346,22939027
tt1925421,2227905
tt1403047,31720
tt1506999,34513760
tt1667307,1314358
tt1707391,70851
tt1704573,10173061
tt1592281,4965950
tt1748122,68264022
tt1862079,4424699
tt1217209,538983207
tt1859650,73244881
tt2125435,21107746
tt2077851,2266067
tt1276104,176506819
tt1931533,32226382
tt1764234,37930465
tt1045658,236412453
tt1781769,68929150
tt0454876,609016565
tt1602620,29664140
tt0443272,275293450
tt2178941,6908277
tt1790885,132820716
tt2150332,7816573
tt2084989,587174
tt1989593,338803
tt2035630,146222
tt2153963,1108473
tt2209418,20994648
tt2347569,9058065
tt1674773,8880936
tt2051879,125687
tt2334649,17385830
tt2334873,99104804
tt2007360,127852
tt2388637,1031243
tt2370248,1645164
tt1754367,124279
tt1821549,27682872
tt1535109,218791811
tt2024544,187733202
tt2014351,124856
tt0790636,55736588
tt2431286,100129872
tt2718492,11156836
tt2294629,1281508100
tt2042568,32960249
tt1800241,251171807
tt1706620,86758912
tt1714915,7609187
tt2707848,3202241
tt1490017,468266122
tt1959490,359200044
tt2234003,16887741
tt2528814,64676349
tt2379418,21818
tt2883512,48428048
tt2866360,139745
tt2901736,1234100
tt3416742,7253160
tt2802154,4439481
tt1100089,19206513
tt1791528,14710975
tt1528100,268175631
tt2980516,123726688
tt1865505,4190884
tt3093546,214344
tt3316960,44779195
tt1109624,282377683
tt2452254,4728401
tt2328813,1299035
tt1020072,66787908
tt2937898,12007070
tt2514338,1253774
tt3235888,21947454
tt2488496,2069521700
tt2511670,63946
tt2381111,62402155
tt3416744,3072991
tt3726704,224145
tt3513054,24352
tt2349144,422746
tt3824412,104507
tt3566788,146937
tt3465916,74509
tt1883180,1472431
tt2101383,1026288
tt3544082,14430249
tt3409392,7179391
tt3092606,21286
tt2436452,14378
tt2852432,10457
tt1791682,18117839
tt2764784,5855623
tt2872750,106209378
tt2402927,40272135
tt3464902,15509546
tt3205376,1295574
tt3312830,23459358
tt0903657,28641776
tt2932606,69310
tt3687186,84417
tt2790236,2412145
tt2184227,1673235
tt3397884,84997446
tt2401878,5659286
tt4263482,40423945
tt3813310,143658
tt3824458,840099
tt3993894,95183
tt3508840,11991669
tt3904754,5212
tt3808342,6659121
tt3682448,165478348
tt4377864,119753
tt3740778,5215660
tt0475290,63945241
tt4594834,2719699
tt3709678,284065
tt4266638,144822
tt1037223,25644
tt3471098,5883891
tt2948356,1024121104
tt3651326,152802
tt4698684,23915910
tt3451720,1008154
tt2262161,1302482
tt4085084,460997
tt3068194,21401949
tt4120176,5638693
tt2277860,1028570942
tt3799694,62788218
tt4048272,11784207
tt4698584,3884746
tt4326444,22521538
tt4936450,2015002
tt3102356,3089
tt2788732,143695338
tt4370784,7400324
tt4768776,680728
tt4726636,4925446
tt4741774,38774
tt3908142,246218
tt2582782,37999675
tt1878870,19370020
tt3716530,12748594
tt4610244,8168
tt4341582,10367161
tt3631112,173185859
tt2818654,98932
tt2392830,4159246
tt3652862,91151
tt4468634,1531261
tt5221584,3085977
tt4669986,12957265
tt5116410,101987
tt3416532,47309313
tt5294966,5382886
tt3783958,448906865
tt5186714,6953604
tt4034228,78988148
tt1619029,29777777
tt3748528,1056057720
tt4846340,235956898
tt2094766,240697856
tt4630550,2432640
tt4116284,312136671
tt5462602,56411585
tt2396589,85955
tt6265828,1951683
tt4795546,321768
tt2062700,1813453
tt5537228,6481798
tt4714782,2840408
tt6193424,1988841
tt5592248,27869129
tt4846232,3283369
tt5439796,48453605
tt5990474,1093077
tt1856101,259352064
tt5109784,44516999
tt4978710,213858
tt1653665,7401949
tt5208216,3285916
tt5157326,155215
tt4925292,78986478
tt5649144,10954677
tt3402236,352794081
tt3409848,489692
tt6423776,4192590
tt6412864,429159
tt4468740,227994792
tt4686844,24646055
tt6018306,1872950
tt5580390,195333312
tt6294822,180419276
tt5776858,47775493
tt3901826,2790214
tt2798920,43070915
tt2704998,117768230
tt5642124,383872
tt4701724,54622814
tt5104604,64337744
tt6053438,3862498
tt6644200,340952971
tt6450186,86086881
tt4964788,19176163
tt3892172,7682928
tt3606756,1243089244
tt3778644,392924807
tt6543652,20346993
tt7282468,7578063
tt8075192,67999335
tt7349662,93413709
tt7520286,117470
tt7125860,20596567
tt1213641,105713218
tt6155172,1140769
tt4827558,2133033
tt4530422,41657844
tt6966692,321752656
tt4633694,375540831
tt7250056,3649042
tt7298400,11821877
tt6857112,255185482
tt6511932,4554416
tt8695030,15325468
tt6320628,1131927996
tt9358160,24808
tt2935510,127461872
tt2365580,11025353
tt2584384,90335025
tt0134084,161834276
tt0174336,4775009
tt0200530,1182065
tt0252866,287553595
tt0261392,33788161
tt0317303,164433867
tt0356150,22605153
tt0243508,6850
tt0331811,3810792
tt0371246,55470154
tt0408790,223387299
tt0398017,57479076
tt0450232,65664721
tt0449089,87528173
tt0477071,84297309
tt0490204,22242388
tt0780571,48443734
tt0381849,70016220
tt0489099,225132113
tt0443274,152039882
tt0479952,603900354
tt0824747,113398237
tt1078912,413106170
tt1135503,129540522
tt1197624,127944208
tt1323594,543157985
tt0945513,147332697
tt1392170,694394724
tt1855199,55078146
tt1907668,161772375
tt1690953,970766005
tt1327773,177313795
tt2194499,87100449
tt2692250,363204635
tt3263904,240797623
tt2771200,1273576220
tt3469046,1034800131
tt1396484,701842551
tt0185183,29725663
tt0187738,155010032
tt0238380,5368217
tt0285531,81240406
tt1060277,172394180
tt0452608,76014335
tt0364970,72109200
tt0796366,385680446
tt1055369,836303693
tt1136608,210888950
tt1188729,20648328
tt1034032,40828540
tt0986263,122444772
tt1053424,18409891
tt0892769,494879471
tt1424381,127233108
tt1220634,300228084
tt0409847,174822325
tt1650062,260095986
tt1318514,481800873
tt0433035,299268508
tt1615147,19504039
tt1706593,126636097
tt0401729,284139100
tt1408101,467365246
tt1535108,286140700
tt1411250,98337295
tt1731141,125544024
tt1951264,865011746
tt1840309,288885818
tt1843866,714421503
tt2209764,103039258
tt0831387,524976069
tt2103281,710644566
tt2015381,773350147
tt1340138,440603537
tt2395427,1402809540
tt1431045,782836791
tt3498820,1153337496
tt1964418,209035668
tt1220719,22108789
tt1270798,352616690
tt0206226,268117
tt0204946,90449929
tt0200027,35743308
tt0393109,3947579
tt0267913,275678613
tt0295178,296938801
tt0274166,160466000
tt0340855,58469210
tt0445934,145710347
tt0496806,311312624
tt0765429,269755430
tt0465234,459242249
tt0493464,342463063
tt0448157,629443428
tt0497465,96409300
tt1250777,96188903
tt1228705,623933331
tt0485947,3559160
tt0926084,977070383
tt1255953,6788659
tt1371111,130516424
tt1300854,1214811252
tt1670345,351723989
tt0816711,540455876
tt2316411,3468224
tt2911666,86081711
tt2713180,211822697
tt3011894,30642704
tt1211837,677796076
tt3460252,156480177
tt1663202,532950503
tt3170832,35401758
tt0451279,822854286
tt1179933,110216998
tt5580036,53939297
tt5825380,15889124
tt7784604,80239658
tt5463162,785896609
tt5688932,18170707
tt6499752,16706680
tt7668870,75462037
tt6266538,76073488
tt8772262,47967636
tt3501632,853983911
tt0417741,934483039
tt0844471,243006126
tt1156398,102392080
tt1436562,483866518
tt2245084,657869686
tt3183660,814044001
tt1979388,332207671
tt0465551,49814392
tt0458525,373062864
tt0418763,97076152
tt0486822,118114220
tt0238948,31603059
tt0163025,368780809
tt0266915,347325802
tt0159273,91753202
tt0251160,102244770
tt0277296,180630907
tt0275847,273144151
tt0297181,51386477
tt0325537,38620484
tt0245803,37713879
tt0305357,259175788
tt0325703,160099222
tt0257076,207725639
tt0300556,43935763
tt0346156,57947036
tt0368578,97918663
tt0377471,95763716
tt0448707,693832
tt0399862,12128105
tt0337978,388156011
tt0293564,258097122
tt0441773,632083197
tt0455824,211787511
tt1099212,408430415
tt0892782,381509870
tt0814255,226497209
tt0473075,336365676
tt0944835,293503354
tt0398286,592462816
tt0800369,449326618
tt1229238,694713380
tt1596350,156491279
tt1667353,183018522
tt1440129,303025485
tt1074638,1108569499
tt1772341,471222889
tt1428538,226349749
tt1623205,493311825
tt1483013,286168572
tt1981115,644783140
tt2381249,682716636
tt2333784,214657577
tt1951265,755356711
tt0369610,1671537444
tt2310332,962201338
tt1790809,794881442
tt0478970,519311965
tt2820852,1515341399
tt3079380,235666219
tt2660888,343471816
tt1638355,107045109
tt3832914,73256266
tt4196776,415484914
tt2119532,180563636
tt1972591,148675066
tt4630562,1236005118
tt3890160,226945087
tt2239822,225973340
tt3371366,605425157
tt4649466,410902662
tt4555426,150847274
tt7388562,25915966
tt6663582,75339459
tt0257106,141220678
tt0186045,15910104
tt0404030,3601974
tt0357507,67192859
tt0362120,178262620
tt0452623,34612443
tt0449994,26935618
tt1187043,60262836
tt1934231,16706074
tt1562872,5192743
tt2317337,6456358
tt1821480,459234
tt2377938,647074
tt2350496,11621777
tt2338151,100370104
tt3767372,2452343
tt1324059,4278081
tt1230165,7153767
tt1327035,4047969
tt4934950,6879098
tt0845448,11077541
tt5074352,303723636
tt5764096,41635636
tt6484982,14426
tt0169102,1724806
tt6967980,4873745
tt1727824,910809311
tt7098658,1812763
tt8108198,62475342
tt7725596,26125610
tt8908002,14256199
tt7286456,1074445730
tt8983202,2445252
tt0472033,48428063
tt0837562,358375603
tt1446192,306941670
tt1453405,743559645
tt3040964,966554929
tt2510894,475186706
tt0285823,98769390
tt1282140,75026327
tt1588173,116980662
tt1723121,269994119
tt1650554,60795985
tt0251114,32287044
tt0284490,77885672
tt0264935,56714147
tt0246460,431971116
tt0322330,160846332
tt0306047,220673217
tt0307987,76490720
tt0343135,178311729
tt0408985,43451846
tt0461770,340487836
tt0478087,159808370
tt0800039,105833257
tt0960144,204313400
tt0425061,230685453
tt0910936,101624843
tt0430922,92649419
tt1155056,91980359
tt1093908,108394089
tt0974661,136316880
tt1014759,1025468216
tt1279935,152263880
tt1375670,271457301
tt1411238,149228077
tt1284575,216197492
tt1499658,209838559
tt1570728,145079584
tt1632708,149542245
tt1637706,25804448
tt1742650,31410151
tt1306980,41097853
tt1232829,201585328
tt1307068,11681781
tt1637725,549368315
tt1245492,126041322
tt1932718,3499442
tt1800246,45640143
tt2910274,3325417
tt2004420,270665134
tt2463288,8122990
tt1587310,758411779
tt2239832,70181428
tt2980648,89514453
tt1924435,138224951
tt2751310,36842
tt2170439,107645357
tt2180411,212902372
tt3179568,1705908
tt2788710,11782625
tt1666801,43709744
tt3850214,17986781
tt0884732,79799880
tt2561572,111711453
tt3152624,140795793
tt1951266,658344137
tt2637276,215863606
tt2361509,194564672
tt2503944,36606743
tt2537390,22272
tt1608290,56722693
tt1850457,105011053
tt3735246,11350917
tt3553442,24972139
tt0164334,105178561
tt0363547,102278712
tt0375912,11850214
tt0465552,50100
tt0430105,92374674
tt0465624,61108981
tt0479884,42931041
tt0472043,120673227
tt0435705,77621983
tt0481141,92601050
tt0499556,42653739
tt0465602,27122238
tt0832266,55990299
tt0838283,128108211
tt0988047,27675014
tt1034331,79498846
tt1059786,178767383
tt0758774,115900897
tt0970411,17929684
tt0467197,87066930
tt1032755,25740863
tt1129442,108979549
tt0814314,169748929
tt0448011,183658498
tt0473705,87812371
tt1537401,188242
tt1179034,52844496
tt0815236,49779728
tt1289406,10371451
tt1103153,98159963
tt0892318,79628830
tt1013743,261989769
tt1020558,6890432
tt1231583,211780824
tt1401152,135710029
tt1092026,97984015
tt1502404,40909909
tt1564367,214945591
tt0993842,63782078
tt1440292,3875173
tt1622547,40662632
tt1291584,23308615
tt1692486,30722632
tt1389137,120081841
tt1598828,38084162
tt1567609,8826837
tt1397280,376152455
tt1758830,88215156
tt1389096,5072654
tt1351685,197687603
tt2302755,170270201
tt0790736,78324220
tt1272878,131940411
tt1450321,8417248
tt2017038,13627519
tt1204975,134409025
tt2387559,53120346
tt1091191,154802912
tt1408253,154468902
tt2024469,222809600
tt2389182,59424
tt1921064,117831631
tt1086772,128006208
tt2494280,4833
tt2582496,9074749
tt2381941,158762963
tt2679042,82347656
tt2967224,51380201
tt1386697,746846894
tt2379713,880681519
tt1798684,91970827
tt3316948,27262374
tt2058673,133718711
tt3300542,205754447
tt3381008,27979040
tt3708886,698036
tt1124037,25035950
tt3110958,334897606
tt1489889,216972543
tt0918940,356700357
tt3963816,1616004
tt2461150,29674699
tt1472584,6272403
tt3393786,162146076
tt2034800,334933831
tt4501244,118102725
tt1293847,346118277
tt5742374,9360514
tt2406566,100014025
tt1959563,176600207
tt5689068,197616
tt1389072,55003890
tt1590193,119942387
tt3721964,11001627
tt5095030,622674139
tt3766354,190400157
tt0375173,35060882
tt0396171,135039924
tt0890870,139352633
tt1132626,113864059
tt1233227,68234154
tt1386932,15089448
tt1922777,82515113
tt0974015,657926987
tt2888046,157029618
tt5308322,125479266
tt3348730,102952888
tt1270797,856085151
tt6823368,246999039
tt0437086,404980543
tt8155288,64600152
tt5726616,41888660
tt4481414,43069254
tt5362988,44202682
tt2543472,306209289
tt0258038,3313583
tt0275022,61141030
tt1104733,4925288
tt0250687,85498534
tt1714206,6918591
tt0780548,5565
tt1702014,1207841
tt2652092,3396345
tt3713030,3995
tt4080672,21835307
tt4613254,361878
tt0164052,190213455
tt0273923,43325009
tt0250797,119137784
tt0302886,87135520
tt0298408,4412203
tt0335563,2466444
tt0324554,21741598
tt0372588,50826898
tt0384642,56070433
tt0408524,34252847
tt0388125,83697473
tt0245562,77628265
tt0431308,156846321
tt3385516,543934105
tt2709768,875458631
tt2975590,873637528
tt4172430,69411370
tt1976009,34227298
tt0810819,64191523
tt2494362,382579
tt3203606,11430025
tt1712261,23177948
tt1700841,140705322
tt2404435,162360636
tt0379557,13904795
tt0912593,1433319
tt3612616,13156856
tt4645368,9231823
tt3741834,140853810
tt5247544,2918159
tt6444838,1000056
tt5258850,16095825
tt3521126,29820616
tt7048622,3666236
tt7279188,4566406
tt7773210,1706329
tt7959026,174804407
tt0837563,113118226
tt7397958,1208371
tt6751668,263136741
tt2762506,3554178
tt7534102,2376024
tt0184858,32168970
tt0191037,14693
tt0180073,17989227
tt0219822,1574660
tt0309593,90941129
tt0310910,23014206
tt0172156,273339556
tt0348836,141591324
tt0338337,117248958
tt0455967,68844775
tt1007028,42784344
tt1341167,6149356
tt1446714,403354469
tt4273292,133324
tt3544112,13624522
tt3666024,6591789
tt4302938,76249438
tt5311514,358180115
tt3521164,644136488
tt3967856,2049823
tt4995790,9493791
tt4633690,3440362
tt4209788,59284015
tt0260866,100020092
tt0303714,77063924
tt0274812,9304609
tt0120679,56298474
tt0133240,110041363
tt0309530,39468111
tt0328589,58878723
tt0281364,10366360
tt0278731,5808941
tt0388419,96593018
tt0398712,35294470
tt0384537,100605135
tt0409182,181674817
tt0417148,62022014
tt0469641,163247198
tt0799949,87238158
tt0465494,101276318
tt0985025,772687
tt1124394,192492
tt0870984,7413863
tt1616195,84920539
tt1034314,10109659
tt0480687,86157237
tt1527186,17039814
tt1133985,219851172
tt1396218,187361754
tt1634122,160078586
tt0770703,30426096
tt1758692,3852409
tt1430607,147421719
tt1077368,245527149
tt1735898,396592829
tt1277953,746921274
tt1839492,9368803
tt1232200,57719093
tt0975645,27039669
tt1321870,105200903
tt1682180,12077441
tt2229499,39439355
tt1985966,274325949
tt1980929,65652908
tt2582846,307166834
tt1646971,621537519
tt1972571,36233517
tt2870756,51029361
tt0458481,39407616
tt1355630,78274843
tt2305051,52501541
tt0416508,37407812
tt0373051,244232688
tt0808151,485930816
tt0970452,19652185
tt0498380,68673228
tt0488085,662081
tt1034303,51262751
tt1187064,1333377
tt2053463,63414135
tt1600196,18658381
tt1330607,45521453
tt2446980,101134059
tt1365050,90777
tt2719848,203427584
tt2006295,27972023
tt3322364,48623572
tt0251736,16829545
tt0356721,20094909
tt0369441,204681899
tt0387808,495303
tt0477139,454026
tt1201167,71585235
tt1343727,41037742
tt1483797,214180
tt1703049,193458
tt0803096,439048914
tt0243736,95146283
tt0389722,75513170
tt2109248,1104054072
tt1477834,1148528393
tt4986098,2635408
tt2557478,290930148
tt2231461,428028233
tt4912910,791657398
tt5814060,365582797
tt0329028,39267515
tt0219653,47053625
tt0222851,15250594
tt0277371,66468985
tt0278488,31283740
tt0279493,41604473
tt0280590,171269535
tt0289848,55003135
tt0300051,35492921
tt0381707,113100873
tt0355954,264505
tt0397065,68766121
tt0418819,47074133
tt0419706,58072119
tt0466342,85749034
tt0364955,3306629
tt0463034,130628903
tt0367959,82169884
tt0799934,30579406
tt1073498,85897593
tt0481536,43495888
tt0472205,15006
tt0397892,309979994
tt1226681,32118
tt1226229,91720255
tt0479997,91627228
tt1438176,41002607
tt1181795,129706
tt1288558,97542952
tt1980209,87305549
tt1602613,10639616
tt1418377,76801179
tt2870612,41898409
tt2920540,2105558
tt1186803,9323473
tt2784678,26117471
tt2322441,569651467
tt1724962,17027515
tt2554274,74679822
tt2293640,1159444662
tt4062536,3769214
tt5700672,92764199
tt4465564,381545846
tt3986820,956425
tt4477536,371987838
tt6293042,11983269
tt0329717,51142659
tt0313792,13585075
tt0330229,5405725
tt0462322,25422088
tt0438488,371353001
tt1127180,90842646
tt0218817,18195610
tt1899353,9148519
tt1979320,96983009
tt0396555,169333034
tt1302011,665692281
tt0195778,10873148
tt0174480,90726668
tt0265459,52223306
tt0424345,26986174
tt0462504,7177143
tt0233142,18720175
tt0242445,79958599
tt0280477,3809226
tt0242587,1846059
tt0323944,2944752
tt0293007,10781635
tt0362269,17050017
tt0416496,18381890
tt0427229,130224158
tt0442933,196393745
tt0988595,162655351
tt0800320,493214993
tt1555064,20529194
tt1959409,190819
tt0829150,217124280
tt0261983,1612259
tt0371257,8483797
tt0414982,118890272
tt0455857,67062123
tt0345061,886018
tt0211181,183611771
tt0400717,200811689
tt0479143,155929020
tt0230838,65754228
tt0314353,86468162
tt2083383,48963137
tt1770734,2255291
tt0384793,38623262
tt0375568,39886986
tt1028576,60321861
tt1001526,321885765
tt1599348,208076205
tt0790724,218340595
tt1211956,137328301
tt2294449,331333876
tt2140379,31807156
tt1628841,389681935
tt2005151,86234523
tt0834001,92158961
tt1045772,20768906
tt0947810,154711438
tt1462758,19439764
tt0286788,50732139
tt0443489,155430335
tt0309377,31794718
tt0288477,68349884
tt0199626,23726793
tt0364045,65470529
tt0379217,7929307
tt0340012,14339171
tt0337876,23925492
tt0404390,9380029
tt0424136,7022209
tt0405676,9451623
tt0462200,10907485
tt0415965,9411042
tt0790686,78094714
tt1258197,394717
tt1314655,62695489
tt1262416,97231420
tt1462041,39984400
tt1521197,15395087
tt1568338,47636031
tt1971352,592116
tt2105044,1944287
tt2387433,27858103
tt2101341,18074539
tt1924429,24261569
tt2334879,205366737
tt2450186,805574
tt1853739,26895481
tt2226417,161919318
tt1205537,135503748
tt2039345,1618085
tt2165859,274660
tt1872181,708982323
tt2692904,5090608
tt2359024,993313
tt2309961,121179
tt2377322,87937815
tt1726592,17669776
tt2409818,550108
tt2170593,54837234
tt1772264,2478806
tt1720172,266689
tt2597242,74624
tt0465142,16656103
tt0430304,104003322
tt0166813,122563539
tt0326856,14494036
tt1912398,393880
tt0196069,3278767
tt0329774,71022693
tt0457510,99255460
tt0486946,253625427
tt0480025,8481254
tt0421082,8159508
tt0952640,365352546
tt1024715,3982459
tt1121931,34572541
tt1045778,62357900
tt1231587,64780213
tt0985694,45491656
tt0970866,310650585
tt1788391,450275
tt1904996,46922566
tt1954315,1052010
tt1441395,5866389
tt2388715,44459951
tt3387648,407782
tt2366608,615500
tt1974419,3377430
tt4034354,4935501
tt4160708,157761002
tt2316204,240891763
tt4695012,19735344
tt5715874,7027336
tt6998518,1555203
tt7946422,22777
tt1318517,2433457
tt4971344,13143056
tt5968394,8808611
tt6292852,643593
tt1403981,56032889
tt1067583,117094902
tt0195945,59827328
tt0295700,28650575
tt0408345,82751189
tt0283530,16318449
tt0228333,14010832
tt0202470,19334145
tt0273982,563711
tt0329101,116643421
tt0316396,121975011
tt0316732,71255003
tt0263101,55429
tt0366174,70992898
tt1078588,95714875
tt0443649,269784201
tt1564585,66984887
tt1341188,48668907
tt0377981,193967670
tt0810922,7550073
tt1334512,48147945
tt1213012,50507267
tt1152822,122216
tt0448694,554987477
tt1130988,2342211
tt1014775,149292488
tt2082197,4490134
tt1441951,59520298
tt2473794,22179785
tt3526706,77590
tt0348333,18637690
tt0263757,44617342
tt0758766,145896422
tt0460740,2294291
tt1172233,16691303
tt0817177,4324817
tt1235189,3494154
tt2140619,492332
tt2669336,19572
tt2436386,33213241
tt3622592,85512300
tt1655441,65663276
tt2400463,354835
tt2025690,52099090
tt0309047,1887
tt3553976,23123592
tt1935859,296482446
tt4385888,7214806
tt0425413,33478921
tt0203755,13578186
tt0300532,51843679
tt0280609,3537283
tt0328880,250397798
tt0337909,93400759
tt0275773,55500
tt0370986,1532932
tt0388139,1635056
tt0439815,12834936
tt0473753,9995168
tt0367027,5557564
tt0457572,426224
tt0480269,1469644
tt0848557,5540941
tt0816545,96663
tt0981227,33556631
tt1029234,1149138
tt1091722,17164820
tt1176251,165888
tt1131734,31556061
tt1023500,179836
tt1263670,47405566
tt0403702,19651093
tt1232776,2404300
tt1234654,6344112
tt1303828,44462
tt1334260,9918093
tt1612774,101729
tt1251725,81010
tt1531663,2820490
tt1549572,1938783
tt0873886,1874460
tt1242599,172935
tt1623288,107139399
tt2076220,1954125
tt1783732,141951
tt1535101,717798
tt3169706,16775629
tt0389790,293514336
tt1185834,68282844
tt1080016,886686817
tt0267626,65716126
tt0331632,181239132
tt0758742,29667169
tt1449283,49871429
tt1321511,5186767
tt1051904,158261424
tt2567026,299820798
tt3289956,6170043
tt2345759,409231607
tt2291540,1436751
tt3104988,238843729
tt8564902,5885881
tt7752126,32893421
tt0318974,25819961
tt0460829,4087078
tt1046947,32568427
tt0893402,1279576
tt1087842,157350
tt0955308,321669741
tt1536044,177512032
tt1591095,99557032
tt1242460,9232318
tt1349451,175706
tt2265398,401914
tt2357129,42128352
tt0249516,120141
tt2785032,601162
tt1398426,201634991
tt4139124,20651333
tt3960412,9680029
tt4276820,24121245
tt3532216,134866593
tt0454945,57194667
tt2241351,93282604
tt4052882,119100758
tt0268397,102992536
tt0451079,298572799
tt1046173,302469017
tt1702439,97594140
tt3195644,112983889
tt3530002,52395996
tt0231402,39438674
tt1496025,160112671
tt0258470,5007898
tt0298744,2704951
tt0337921,57678321
tt0462590,114197742
tt0795421,611257819
tt0280380,13414416
tt0338466,65784503
tt0349205,190538630
tt0319531,490964
tt0338097,3664858
tt0273689,478996
tt0379270,86061
tt0257516,29621722
tt0395972,25211175
tt0433400,51024243
tt0398375,88933562
tt0472582,446125
tt0435623,982814
tt0482546,35078241
tt0772193,15291277
tt0418004,11246
tt0475394,57232879
tt0429277,30
tt0457433,73534117
tt0453451,232225908
tt0765447,20016753
tt0486051,285060
tt0477078,763578
tt0478134,29541790
tt0465436,1175579
tt0480242,68474305
tt0866437,7163566
tt0426931,66122026
tt0770752,111231041
tt0858479,11843604
tt0379865,41319039
tt0926129,57197876
tt0790623,346592
tt0482599,48555306
tt0460745,338440
tt0888693,208995
tt0369436,164112721
tt1029134,150278
tt0960731,212874864
tt0822832,255743093
tt0449487,5798974
tt1114740,183348429
tt0465580,48858618
tt0961108,6692182
tt0862846,16580250
tt1124039,2186782
tt1197628,26973554
tt0489049,961203
tt1095174,29010817
tt0821640,102366815
tt1075417,106387141
tt1032815,15821907
tt1331064,1296971
tt0899106,36088028
tt0881891,40105542
tt1087527,52429
tt1314228,85280250
tt1185431,3167681
tt1244659,15134293
tt0817230,216528528
tt0795351,28190603
tt1392197,83761844
tt0437405,13514
tt0879870,204594016
tt1055292,105734416
tt1182350,36015260
tt0977855,25806953
tt1126618,60040976
tt0935075,5144717
tt1320261,237382724
tt1486185,90260376
tt0491152,65100369
tt1657507,71508440
tt0999913,11168712
tt1448755,57084522
tt1598822,142044638
tt1602098,7532259
tt1564349,95943453
tt1214962,14089528
tt1430615,24740061
tt1996264,1386088
tt1397514,335287748
tt1636826,102731865
tt1441952,34564651
tt1629705,987883
tt1742336,3242802
tt1547234,31083599
tt1764183,35485056
tt1582507,44287131
tt1592873,10578643
tt1132449,1577272
tt2023587,146428180
tt1333125,32443111
tt0453562,97510197
tt1684925,1547441
tt1931435,46522137
tt1854564,199850315
tt2191701,246984278
tt1413495,17056265
tt2294677,3114953
tt2103267,1575749
tt0387037,60729
tt1844203,6334
tt2390361,25288872
tt1335975,151783839
tt1758595,21766271
tt2557490,87189756
tt1517249,5346
tt1956620,126069509
tt2183034,45681062
tt2908856,10606667
tt2955096,30312
tt1247690,5092129
tt1798243,546149
tt2978462,57824533
tt2247476,30138754
tt1567437,2097718
tt1823664,136853506
tt1816608,489884
tt0932669,32
tt3442006,2433850
tt3704416,119364
tt2474024,292092
tt2199571,71561644
tt3305316,12468099
tt2393845,101807
tt2404425,61619773
tt1661820,288591
tt2962876,41760
tt1242527,1623512
tt1772288,10835752
tt3539664,1769832
tt2126355,474009154
tt1243974,26250020
tt2182972,408918
tt2120120,244874809
tt2080374,34441873
tt0238137,38407
tt2402101,5090852
tt3715320,27391084
tt3461252,695436
tt3289712,42927
tt0457419,69474661
tt0880578,52933513
tt0365686,7155807
tt0488478,7537453
tt0462485,22623
tt0184907,62464731
tt0217756,12452362
tt0219952,10890222
tt0161083,38464131
tt0250224,19937988
tt0181739,14026418
tt0273799,18634654
tt0250310,25272752
tt0217355,122121
tt0265087,39976235
tt0279889,24516772
tt0281373,115035090
tt0246894,25852764
tt0157472,38793283
tt0271367,45867333
tt0243585,169956806
tt0327036,19184820
tt0283026,34411240
tt0308208,20154899
tt0291502,1036520
tt0227984,12881605
tt0297162,19233280
tt0255477,44310395
tt0257568,88929111
tt0282209,47488536
tt0264150,19526014
tt0264395,42792561
tt0301470,63102666
tt0266489,19322135
tt0210070,2554
tt0222812,302586
tt0337579,65991448
tt0354766,5923000
tt0398872,3255426
tt0167456,28283637
tt0364751,73029190
tt0339412,21839377
tt0349710,100572044
tt0346491,167298192
tt0377062,35021497
tt0407121,52858433
tt0362165,59981548
tt0332047,50605163
tt0369735,155457327
tt0367652,45109561
tt0421054,22984628
tt0389828,744165
tt0387514,67937494
tt0407265,15151744
tt0452598,130154568
tt0433116,915649
tt0421729,141522961
tt0429591,22989957
tt0430912,38629478
tt0489037,1764304
tt0455499,143325970
tt0486551,20387597
tt0427969,16800438
tt0424993,38395414
tt0483726,42472472
tt0418689,65900249
tt0434215,21893591
tt0424095,178281554
tt0470765,5925637
tt0790604,47232776
tt0413895,148963822
tt0758794,43545364
tt0422774,58388068
tt0446013,30984583
tt0800003,8729473
tt0423294,152005713
tt0762114,70181325
tt0445922,29625761
tt0467110,65270477
tt0462244,18197398
tt0373883,80460948
tt0452625,59768495
tt0414055,75782758
tt0770810,8659212
tt0472160,21156270
tt0426592,71571300
tt0421073,66476363
tt0811080,93945766
tt0765476,51339567
tt1027862,17635397
tt0490181,2131057
tt1213644,34816824
tt0947802,44655002
tt1175491,29560587
tt0962726,252909177
tt0465502,30893885
tt0483756,550782
tt0238552,894844
tt0901476,115375850
tt0494238,62803180
tt0462465,7034698
tt0489235,173066
tt1176740,15779455
tt0758746,91509154
tt0400426,783501
tt1234541,708152
tt0457400,68777554
tt1148204,77912251
tt0775552,57881056
tt1114677,155545279
tt1122836,104526
tt0436339,292817898
tt1311067,39421467
tt1084972,8804308
tt1016075,77211836
tt0762125,105647102
tt0780511,16443609
tt0875034,54004950
tt1230414,219103655
tt1038686,67918658
tt1185416,43053376
tt1385867,55611001
tt0989757,114984666
tt1134854,386078
tt1305583,21409028
tt0806147,54822
tt1288403,844447
tt1321509,49050886
tt1470023,9322895
tt0492389,36351945
tt1017460,27127620
tt1075747,10903312
tt1666186,80547866
tt1356864,626396
tt0196216,29934477
tt1262981,221805
tt0808510,112462508
tt1242432,1278650
tt1586752,3338690
tt0810913,149673788
tt1592525,32948113
tt1716777,12558931
tt1990314,4806423
tt1142977,81493846
tt1760967,714441
tt2023690,2122909
tt1433811,3428048
tt3099498,1882074
tt3072482,16810562
tt5085924,504718
tt4086018,8594062
tt0871426,64444713
tt0866439,106407672
tt0808244,18463793
tt1478964,6206022
tt0318155,68514844
tt0445620,3579902
tt0783233,131016624
tt0257756,63781810
tt0278823,14569744
tt0280486,66200782
tt0280665,16838910
tt0306685,56489558
tt0165982,80773077
tt0270980,18191005
tt0313443,55495563
tt0329691,46546197
tt0351977,57223890
tt0367479,62657868
tt0242527,7819851
tt0382077,127369981
tt0378947,20129327
tt0372237,103121466
tt0365109,19292539
tt0355702,13411957
tt0326905,10777375
tt0361089,61746888
tt0378109,46117696
tt0456554,6566277
tt0454919,29907685
tt0412798,4598371
tt0446046,66500090
tt0405977,20166
tt0383060,12506362
tt0462519,24470583
tt0437232,5710236
tt0490084,69485490
tt0450340,3419456
tt0443456,8974829
tt0479537,1220058
tt0455957,9448082
tt0452702,35442935
tt0427327,203627753
tt0498353,35728183
tt0479500,30715465
tt0787475,14353654
tt0452643,6369805
tt0419984,33683200
tt0800027,5741608
tt0804522,27066382
tt0486583,97838349
tt0484740,31575877
tt0405336,374743
tt0211933,32730062
tt0795493,22687639
tt0896798,5796630
tt0479968,45847751
tt0489282,6964734
tt0839980,44004502
tt0483607,22472631
tt0486674,6759057
tt0817538,49944325
tt0410377,100104565
tt0800240,18024545
tt0800241,5926410
tt0814022,42487390
tt1046997,9333654
tt1046163,41624687
tt1135985,18755936
tt0822868,10153961
tt0443559,2961647
tt0780567,22985194
tt0976222,12225023
tt0865559,20458873
tt1018818,69564
tt0365929,17976667
tt0913354,22942221
tt0892767,2405815
tt1226273,81126522
tt1352824,13657649
tt0427152,86855739
tt1219342,140073390
tt0477080,167805466
tt1213648,8307227
tt1433108,35626958
tt1391034,177182
tt1464174,82686066
tt0822847,78309505
tt1240982,28013733
tt1222817,169852759
tt0816462,63523283
tt1233301,5151023
tt1723811,19123767
tt0471042,152930623
tt1253864,226904017
tt1568911,177584879
tt1308729,21947209
tt1634121,5486559
tt1524137,96262212
tt1646987,301970083
tt1656190,41564670
tt1316616,4372642
tt1611224,116471580
tt1336608,59418613
tt1615065,82966152
tt1726669,4633668
tt1212450,55404207
tt1748179,14107313
tt1712170,34618867
tt1648179,73100172
tt1656186,17415418
tt1667310,1946254
tt1235522,34737199
tt1996310,2362019
tt1559547,60052138
tt0882977,57824674
tt1583421,375740705
tt0848537,268426634
tt1937149,8779609
tt1829012,713616
tt2140373,117867984
tt1742334,22126842
tt2172934,53260230
tt1253863,337580051
tt2369135,203277636
tt1291150,485004754
tt2262227,99783556
tt1638002,25574387
tt2249221,2636607
tt1198156,894964
tt1390411,93920758
tt1809398,161459297
tt3045616,47275717
tt2097298,45710059
tt1014763,12951093
tt2493486,1797955
tt3014866,38803993
tt1355683,99775678
tt1524930,107228221
tt3488710,61181942
tt4178092,58980521
tt1741273,34854990
tt1224369,931885
tt1781922,54418872
tt1754656,97571250
tt0448115,366080049
tt3164256,3394174
tt2910904,25003426
tt1291570,22354572
tt2279339,42426912
tt1528854,242786137
tt4080728,30692889
tt3231054,46771565
tt2674426,208314186
tt4136084,49052787
tt3797868,23079932
tt2702724,78844582
tt4651410,567064
tt4513674,43763247
tt3949660,245623848
tt3065204,321834351
tt4094724,118587880
tt3531824,85251425
tt4853102,4462034
tt3647498,6903033
tt1473832,211952420
tt1860357,121790373
tt2140479,155160045
tt4776998,12448676
tt2466684,62539
tt3640424,119520023
tt5973626,56711
tt3062096,220021259
tt1659619,9763264
tt4540710,9101546
tt3470600,634338384
tt4572514,52185751
tt1800302,14880939
tt3731562,566652812
tt5442430,100541806
tt1730768,26152835
tt1469304,177856751
tt4218696,4477141
tt4795124,62547032
tt3450958,490719763
tt1458169,34814102
tt5537614,137035
tt5607714,2125413
tt4694544,855888
tt4481514,34184504
tt1648190,113231078
tt5140878,306515884
tt0491203,9204549
tt5884234,347295
tt2226597,62832209
tt0297741,446325
tt1615160,145418070
tt5719700,37270721
tt4622512,18598607
tt6304046,1463727
tt6009140,3606673
tt6133130,1899615
tt1485796,436949634
tt5871080,2003824
tt1966359,25601244
tt6684714,386790
tt2873282,151572634
tt1259528,80509622
tt4500922,288175335
tt1413492,67450815
tt5360996,11710110
tt1365519,274650803
tt1137450,49562710
tt1563742,91244913
tt4881806,1310466296
tt5052474,75837743
tt6742252,4598051
tt3829266,160542134
tt6850820,53918723
tt6628394,31882724
tt4779682,530517320
tt1517451,436233122
tt6921996,158972499
tt6547170,598625
tt4701182,467989645
tt6241872,587993
tt1298644,95017038
tt2066051,195320400
tt6139732,1050693953
tt8079248,154608507
tt8364368,91542097
tt6398184,237860050
tt8623904,121550750
tt5848272,529323962
tt1489887,24959607
tt3332064,128388320
tt0395495,16162580
tt1484522,100280
tt0170691,148701
tt0305711,101564935
tt0322659,1599804
tt3262342,42187665
tt1190536,296557
tt1235124,22873653
tt2884206,481234
tt0331468,29119434
tt0259974,16643191
tt0273300,33236
tt0377752,1656829
tt0477095,1736394
tt0995039,27090159
tt1322312,42059111
tt0485985,50365498
tt0338096,27685016
tt0204175,25850615
tt0323033,30031874
tt0419677,203450
tt1527788,44723232
tt1456635,6985158
tt1860353,282570682
tt3168230,29355203
tt2631186,24548038
tt2267968,521170825
tt2404233,150680864
tt0308514,1407019
tt0209077,1058905
tt1181791,382879
tt0186975,24419914
tt0118589,5271666
tt0252299,2300684
tt0303816,30553394
tt0382992,79268322
tt0406650,351401
tt1196141,76196538
tt0914863,1669947
tt1529572,595802
tt1674784,10117966
tt0304808,62221
tt2617828,599721
tt1234435,2210751
tt2194988,80741
tt0273253,92723
tt0363589,10012022
tt0362129,87923
tt0362004,809686
tt0468565,9891303
tt0466856,21170563
tt0410764,566611
tt0796368,4778376
tt0963743,14924998
tt0234829,19772447
tt0265808,14277032
tt0413015,27876417
tt0959337,75981180
tt1530983,324424
tt1012804,2674090
tt0339034,4928883
tt0363282,21289826
tt0361620,10592180
tt0361696,14867514
tt0396592,48551322
tt0396652,27645491
tt0397078,38159905
tt0815244,13620075
tt0964587,29066681
tt0956038,84375346
tt1024255,21972336
tt1152398,43202283
tt1229822,34710627
tt1487118,5468650
tt1067774,39782683
tt1985019,2313509
tt1217213,627018
tt2974918,234798636
tt3691740,195243411
tt3088084,10047557
tt6190198,4333105
tt3688018,9812922
tt2118667,19499312
tt3872958,2840684
tt0366450,5072125
tt0455538,19152009
tt0245407,3695710
tt0214388,132555
tt0382628,68357079
tt0419749,2636637
tt0780622,2340110
tt0910554,23820
tt3513498,192456290
tt1014762,1856993
tt3322940,257589721
tt4857264,31191910
tt1869347,3682156
tt4244998,98203196
tt8359848,2036044
tt1336617,9933873
tt0284978,898365
tt0418753,709832
tt0417217,30526509
tt0780516,6819587
tt0399095,1465077
tt0482572,31200557
tt0902270,179507
tt1212974,439587
tt0862467,282737
tt1313092,7209912
tt1027718,134748021
tt1251757,754301
tt1134664,48411
tt1464580,405380
tt1643222,1359257
tt1582248,123700
tt1684233,3926386
tt2218003,6331939
tt2281587,80383113
tt2223990,29824199
tt1966566,68316452
tt1216491,5218973
tt2717822,19652057
tt1945084,358156
tt2650978,2390284
tt2287170,101438
tt3697566,89813
tt3247714,3638976
tt1130993,2322421
tt3672742,67069
tt3076658,173578883
tt3704050,4235959
tt1355631,21011110
tt4190530,5079219
tt2679552,2128301
tt0183869,60726164
tt0435680,849650
tt1127715,5102705
tt1126596,6611001
tt1470827,5060438
tt2567712,3025189
tt0221073,309369
tt0283632,16446271
tt0279064,2042190
tt0421206,41480851
tt0473360,7864905
tt2357291,498781117
tt0329767,1873482
tt3745620,11960658
tt1932767,2711379
tt2473602,33448971
tt0438315,4326927
tt0254199,499891
tt0264508,145046
tt0369994,2254124
tt0417225,12643027
tt0426459,719135
tt0454987,4630045
tt0455326,5520368
tt1042877,8883644
tt0878835,4313829
tt0149367,7450414
tt0134630,6620242
tt0339727,174318
tt0397044,6340723
tt0785007,21458111
tt1101026,39143985
tt0861689,19844979
tt0926762,9168516
tt1186830,39457342
tt1438254,48190704
tt1212419,106956330
tt0798817,3701600
tt1423894,12106921
tt1411704,184367145
tt0459748,286595
tt1772240,26236153
tt1477109,49827298
tt1534085,56491
tt1748207,424088
tt1298554,1292789
tt1629377,969024
tt1362058,107348
tt1763264,1048704
tt1911658,373515621
tt2351310,19775853
tt2039393,39280992
tt1629374,2403409
tt2649128,15099267
tt1618442,146936910
tt3278330,5497104
tt2150371,32806475
tt4382872,710636
tt1985949,352333929
tt2667380,25427
tt3416828,408754975
tt0833448,130232
tt2141789,26420475
tt2726552,91149
tt2568862,84918541
tt1194607,2691705
tt5478478,35669017
tt3203528,4623836
tt5397194,1197741
tt5758778,304868961
tt6270596,3403050
tt5834262,13313581
tt4154916,9330075
tt6491178,660132
tt5719748,76419755
tt8820590,35950901
tt0182508,1032075
tt0462395,15680099
tt0332658,5175215
tt0816436,1271556
tt0758784,898786
tt0197096,1698759
tt0246989,23430766
tt0265632,44460850
tt0250720,43057552
tt0239949,12320393
tt0253798,14782676
tt0247444,13802599
tt0308506,62274780
tt0269095,29676703
tt0271259,4172703
tt0267248,12302219
tt0293815,33526835
tt0326769,23510621
tt0301181,17573594
tt0310357,8564586
tt0337996,2255000
tt0245573,104130
tt0328099,34622504
tt0299930,7266209
tt0338077,5141166
tt0266747,1675706
tt0325258,23769505
tt0330602,9638258
tt0337592,21964072
tt0332712,18490423
tt0323633,4168
tt0331953,7565807
tt0359517,31326183
tt0335121,30120671
tt0367085,14821824
tt0297284,21148829
tt0339840,187847
tt0359423,1644653
tt0338325,16796512
tt0349416,89781
tt0252028,15125687
tt0273517,33988736
tt0376890,1384395
tt0384533,1526951
tt0369226,12693645
tt0331933,21577624
tt0388500,37245453
tt0372334,389866
tt0388183,4143652
tt0361693,1682206
tt0381505,537126
tt0403455,17521290
tt0377800,4663501
tt0373450,3487678
tt0385056,182378
tt0422528,1343259
tt0384814,2460057
tt0434124,9950133
tt0437179,18707966
tt0443496,243524
tt0464196,5515163
tt0427968,7353118
tt0454970,14756513
tt0477051,159814490
tt0432402,3572632
tt0770772,13369768
tt0455760,22382047
tt0756729,1606237
tt0897361,9669758
tt0424823,41739766
tt0804461,16974459
tt0780608,179381
tt0765120,22007671
tt0453548,414404
tt0845046,10871449
tt0923600,140106
tt0974554,14894347
tt1334537,473980
tt1225822,10848783
tt0179098,10011050
tt5164432,66316289
tt1186367,61601280
tt1776196,7621364
tt7961060,115757940
tt0358349,28818995
tt0785006,117252578
tt2614684,3062178
tt0274711,5484302
tt0410730,82567
tt1042499,354628
tt0267287,449275
tt3717490,142337240
tt0412922,1254005
tt1082853,2566648
tt1164999,25147786
tt1583420,75055070
tt1296898,25517
tt1153053,317831
tt2170299,7804337
tt1972779,38609668
tt2726560,62944815
tt4682786,88528280
tt5607096,4511157
tt6708116,3067893
tt1020530,3984669
tt0192111,13127022
tt1226774,7787487
tt1191111,775385
tt3774114,37357216
tt0342508,168406
tt1507571,11603
tt4864624,10688
tt0388473,453133
tt0373283,1310470
tt0454824,17858059
tt0864835,275698039
tt4701660,553810228
tt3628584,55058961
tt5168192,15793051
tt4437216,23020
tt4911996,650352
tt4781612,282817
tt4624424,183510278
tt4547056,4086096
tt4680182,4531320
tt1679335,347182886
tt3874544,527965936
tt5776208,256320
tt1098327,55720772
tt1915581,167800003
tt0463027,15233
tt1078188,1202375
tt0258273,4677852
tt0296166,7777790
tt1605717,1897363
tt2870708,5670776
tt3013602,20334564
tt2555736,85978292
tt1441953,5874883
tt5031998,726763
tt1753383,205035819
tt4731148,19454845
tt3606752,383930656
tt1571234,83869818
tt0172632,494150
tt2247692,33449086
tt0360139,12313323
tt1586265,84384002
tt0242998,36684136
tt0423977,5254986
tt0780534,7963718
tt1151915,7519490
tt1198138,73830347
tt0762105,4243957
tt0893412,4072098
tt1481572,853862
tt1640459,748453
tt1563738,59389433
tt1535438,114281051
tt2195548,442313
tt3165612,3224947
tt3064298,2950880
tt2024506,61669
tt3909336,5011560
tt2571610,997852
tt1711525,114501299
tt6060156,7158925
tt0164212,1308242
tt6515342,5394474
tt3201640,1451864
tt0188453,16171098
tt0314431,1567189
tt0349169,12544254
tt1650043,72526996
tt1596346,47120948
tt1068242,63543328
tt1615918,342695435
tt0803061,21185724
tt1691917,239258712
tt1661382,44907260
tt1837709,30800231
tt3210686,70829270
tt2465146,25419147
tt1196956,10900434
tt3181822,52425855
tt3062976,5967516
tt2869728,124608438
tt1860213,94073028
tt3760922,90632641
tt4438848,108007109
tt3451230,2093725
tt2387499,29918745
tt5962210,3146831
tt4427076,167439
tt5342904,1579440
tt3411444,296069199
tt4799066,27365467
tt5437928,14273033
tt2452244,48791187
tt4126476,69518232
tt3450650,107588225
tt0295721,65497208
tt0385017,1627788
tt0405821,12636656
tt0393775,1107774
tt0349467,14655628
tt1029360,95437994
tt0488658,21949234
tt0419843,17562071
tt1174730,7878856
tt1194263,10522511
tt2024432,173965010
tt2918436,38356892
tt3352390,10975390
tt4030600,29874280
tt1322269,74188937
tt4145178,516337
tt0404254,1479544
tt0189192,16176732
tt0253126,2340411
tt0262396,18591272
tt0319524,14390329
tt0362526,1398053
tt1486190,12037973
tt1686821,15642346
tt2235108,4633961
tt0199314,802951
tt0345074,11341016
tt0437777,11483669
tt0499603,1399222
tt0450972,563162
tt0425326,703324
tt0963194,188126
tt0944101,39924
tt0437857,69136
tt1532503,14311701
tt1622979,157887643
tt1703199,4055919
tt1984153,2757
tt2258858,6499169
tt1525366,427335
tt2103217,2631275
tt2231554,1552486
tt1545660,123854
tt3504048,241347
tt3177316,24343
tt1204977,103687316
tt1780798,4381603
tt3713166,62882090
tt4935372,772319
tt5215952,49851770
tt4262980,78053145
tt4361050,81705746
tt5121816,3662671
tt5638642,1785977
tt6738136,913331
tt7014006,14347433
tt5774450,42027
tt7914416,27590180
tt4003440,3081913
tt0217107,1161843
tt2091473,11039031
tt0892255,34209066
tt0374569,8638163
tt0368667,46408
tt0800022,9540
tt0472050,53760
tt1961175,67234188
tt2854926,78130625
tt0498329,41711
tt1742044,67647013
tt1837613,1092359
tt2395417,2495025
tt3090634,507914
tt3742378,3003560
tt1305816,2313
tt0390123,417120
tt0212826,706876
tt0206963,595005
tt0271219,3200241
tt0345551,865028
tt0352277,18611951
tt0352994,4444265
tt0377084,20421130
tt0382806,2586033
tt1698641,100654149
tt1850397,11020402
tt1727770,6303792
tt1727776,16137046
tt3792960,15709652
tt3174376,3965086
tt4196848,685780
tt3717252,81093313
tt2039338,45158254
tt0491175,12751667
tt5175450,4372130
tt6359956,130560428
tt6017942,10313019
tt7040874,97644617
tt6010628,401912
tt4560436,66308758
tt2119543,131523093
tt6330246,14880497
tt2315596,225795
tt6175820,20118769
tt6769280,467705
tt7315484,2325977
tt7456310,31626978
tt4463894,21360215
tt2106361,161515959
tt0441796,27298695
tt0479528,4631926
tt1031280,522497
tt0450314,10161493
tt0806203,5805279
tt1013860,5782515
tt1234719,50950296
tt2111392,7429
tt1881002,1663165
tt2625810,92166
tt1817771,70958
tt2597892,551760
tt4520364,8809407
tt3095734,64493915
tt1981128,221600160
tt0325055,2917393
tt5344794,21701
tt3741700,386600138
tt0421994,2635305
tt0276816,2622015
tt0374563,10921200
tt0432318,13836
tt1846589,31676128
tt1531901,828284
tt1948150,15086930
tt0212974,1162001
tt1175709,1754389
tt0388182,1045786
tt0411195,3942254
tt1244668,18164139
tt1423995,10300416
tt1054580,14682943
tt2379318,4949039
tt6105098,1662899439
tt0393597,108976456
tt0303361,264349
tt0284034,462976
tt0324127,11416075
tt0410097,23563727
tt0489281,11212953
tt1228953,234540
tt0211946,598894
tt1322385,815998
tt0418110,8116128
tt1247692,303431
tt2659414,82101723
tt3438354,5539410
tt2990738,35659824
tt3569230,42972994
tt4025514,5217330
tt5882982,21001633
tt3399024,39178695
tt0269341,22391450
tt0231448,6282446
tt0242508,56653
tt0281322,14946150
tt0315297,40954603
tt0323939,459098
tt0349889,1039526
tt0373024,291118
tt0229340,933740
tt2637294,13081651
tt0167203,14400327
tt0221889,313768
tt0290212,3438804
tt0286162,163348
tt0210065,30915
tt0164003,1277187
tt0285728,144008
tt0902290,8050
tt1320239,4791599
tt4935418,318155
tt4074928,125680
tt6408226,124783
tt0870122,82357
tt0381971,69865924
tt2091256,125427681
tt1145446,1547488
tt1302067,203509374
tt1477837,7728936
tt1855401,223580
tt1702425,8446952
tt0301684,544512
tt0326835,307486
tt0343663,1553020
tt0280653,8419052
tt0378284,3187700
tt0288330,15461305
tt0978759,5457664
tt0363780,540403
tt1151359,1034214
tt1333667,1194182
tt0234354,2534372
tt0180679,2276602
tt0293624,137628
tt0211938,15471969
tt2486678,674579
tt0443465,462875
tt4429128,586973
tt0366943,471107
tt0375611,1266341
tt0382810,3248506
tt0368222,2935242
tt0430308,46563961
tt0424880,2105096
tt0398027,855009
tt0456020,21353303
tt0384116,20839049
tt0416185,3243611
tt0283503,458232
tt1023111,41627431
tt0482463,12083296
tt0850253,908847
tt2752200,9757417
tt3697626,26488847
tt0299172,145358062
tt0903627,1333241
tt0202402,9902115
tt0281924,2691510
tt0380817,113783
tt0417871,584991
tt0120467,15927
tt0339642,12551
tt0416315,30894796
tt0327643,36099
tt0260775,187308
tt0290145,476551
tt0463998,43095175
tt1498569,2518012
tt1067765,37887
tt4572792,4596705
tt5431082,20827
tt3829920,26351322
tt1072748,44019588
tt0290662,52462
tt0279111,12923936
tt0302674,254683
tt0440803,6989456
tt2345567,1489366
tt2300975,6998359
tt3850590,61548707
tt2752772,53329150
tt3882082,73929392
tt4877122,217776646
tt5726086,167885588
tt0914797,4629770
tt1133991,44872
tt1430612,71416730
tt2283336,253890701
tt2952602,24070765
tt1217565,5998707
tt0270688,28811
tt0401815,206871
tt0960890,82360
tt1426329,1585583
tt2771372,3485383
tt2139843,137126
tt2298394,4198
tt6343314,214215889
tt3668162,180217
tt0156323,7201701
tt0204137,43805
tt0328077,6028
tt2309224,291239
tt1186370,12035862
tt1964624,16190771
tt2034031,2379154
tt2991224,1024132
tt2835548,1713691
tt4730986,2297612
tt0857265,4889751
tt0914837,294245
tt1183923,361960
tt2884018,16322067
tt2865558,1254030
tt0411705,1590308
tt1374989,16457494
tt3658772,2049761
tt1403177,449702
tt2994190,79624
tt0253200,6873892
tt3172532,1775133
tt2935476,30229977
tt3721936,2290649
tt0323642,62870546
tt0251110,29367
tt0464105,55903
tt0451176,2522787
tt0448124,1384105
tt0476995,17384424
tt0822849,22136
tt1001562,4161625
tt1183252,3179014
tt1129445,19643086
tt1604171,10702246
tt1588398,408680
tt1655420,35057696
tt1591479,82499399
tt1268809,64040
tt1613750,22842887
tt0844993,29985033
tt1836808,6202879
tt1663143,11417362
tt1967545,20275812
tt2318092,34718173
tt2382396,2431443
tt2980706,146965787
tt2314824,422697
tt1178640,666045
tt2088003,7455398
tt3093522,64851
tt2639254,10084623
tt1467388,21225527
tt2911668,1100432
tt2044801,507180
tt3319920,17671101
tt3623726,41325328
tt3722070,41387687
tt1018765,8527658
tt1390539,705854
tt2077886,4451482
tt2140037,3067531
tt3511596,248978
tt4383594,57814445
tt0250491,1743
tt0368259,1249135
tt0490166,449681
tt0471030,1128345
tt1172206,1189186
tt1049402,1614810
tt1393020,1038699
tt1371155,12629471
tt1560970,2019939
tt1181614,1742215
tt1720616,13041254
tt1655460,23812816
tt1920849,12128575
tt1907731,25342
tt1872818,1150681
tt1715873,285984
tt2244901,29128433
tt1371150,41296320
tt2788716,636819
tt2011971,9074711
tt5278832,108846
tt2386490,524535083
tt5886046,155712077
tt0210584,31288
tt3137630,5204054
tt1672845,132787
tt1700467,1999775
tt1658801,1474471
tt3754940,9027600
tt1686067,5605676
tt3830162,1114663
tt3823018,126165
tt3596952,661593
tt4562518,4525656
tt4771896,2341847
tt4065842,15732760
tt4944596,3369996
tt1713440,3054505
tt5974388,1679952
tt5639354,3839364
tt5207262,363259
tt3211400,633906
tt3397160,1370772
tt5897636,1983149
tt4034208,159020
tt1659343,1402307
tt2401097,3340503
tt0313670,3961374
tt0441774,2520835
tt2217859,1160724
tt3616916,12975143
tt4353996,10017316
tt6286796,1008
tt6212478,4080073
tt3300980,9567121
tt6532374,1377748
tt0310924,2451607
tt1196204,2328877
tt4192740,328039
tt0775440,1323012
tt0263734,4245870
tt0171356,3284444
tt0273607,299171
tt0300015,6586341
tt0342167,2707738
tt2347134,6763059
tt1725969,179227
tt3758172,1906640
tt0431213,6442854
tt0804505,2888315
tt0373389,578241
tt0401248,638317
tt0805526,10307987
tt0428038,1843537
tt0312329,6596511
tt7797658,47386
tt0375735,1875649
tt0407732,146490
tt0458367,2123040
tt0812243,231156
tt0765010,43474578
tt1179031,1547630
tt0300214,772336
tt0250347,74926
tt0280696,716888
tt0250638,849
tt0273435,2743336
tt0303785,2130190
tt0810784,14374652
tt1814621,18637201
tt2355495,15071
tt3547740,72775689
tt1289403,23148937
tt2328900,46712809
tt1226837,16636604
tt5960374,1399272
tt7545524,10134204
tt2126357,72294066
tt7284204,11746
tt0199290,9832166
tt0280870,595214
tt0350194,6491969
tt0906108,55862886
tt1266029,6577779
tt2109184,142802657
tt2479800,919591
tt1674771,49263404
tt2309260,42964410
tt3605418,5567103
tt3317522,41853
tt4086032,253514
tt0212815,512451
tt0284494,249204
tt3859304,615816
tt0420293,663114
tt3863552,121126188
tt0259929,266475
tt0976060,1194397
tt0475723,11987868
tt1895315,2140941
tt4943322,413844
tt4899370,14510490
tt0285175,371000
tt0951216,26412163
tt1999192,7706436
tt0482527,7385679
tt2139555,1323415
tt1412528,5042014
tt1648216,14066238
tt1311071,1877924
tt2474958,533147
tt3787590,11122090
tt4874206,318123
tt5294550,56996304
tt6802308,57076286
tt5886440,12294931
tt6410564,13411936
tt6306064,59945012
tt8119752,21041950
tt5691670,2053469
tt4575576,197744377
tt7242142,5006989
tt1308728,27506452
tt6386748,2517405
tt5177088,35164920
tt7401588,120556201
tt1502407,255614941
tt6938828,11473638
tt6444140,370280
tt4669788,38755900
tt2274648,55065289
tt2481498,9816572
tt6472976,91527795
tt1979376,1073394593
tt0853096,869352
tt1778304,207039844
tt2124074,131208
tt2085910,367406
tt2402085,599840
tt1995390,10711027
tt4935158,104038
tt3335606,397783
tt0347304,13200241
tt0499375,24108727
tt1328634,1935820
tt1373156,3627172
tt0418362,7862911
tt1166100,38316584
tt2181931,10299150
tt1787988,5277766
tt2178470,30991781
tt3848892,11533057
tt0323013,5859242
tt2855648,38333
tt1839596,11219667
tt2140465,4180081
tt1849718,26001696
tt4387040,9323484
tt5286444,17618280
tt3499096,25070261
tt1014672,3773555
tt0964516,8658713
tt1734110,634297
tt2372678,22386518
tt1468846,23910
tt3495026,28240000
tt0418460,440684
tt4832640,98251790
tt4559046,17014507
tt0325123,2905499
tt0437407,1558018
tt0490076,1904640
tt0985058,81305
tt2063781,499725
tt2006810,442287
tt4451458,559029
tt1735200,2733806
tt4669186,23591043
tt2417712,124875
tt4457344,34117
tt2531344,94019120
tt0859635,31626386
tt5220122,528583774
tt6257174,1474577
tt6781982,103105878
tt6643972,345900
tt5805752,681632
tt5117670,351496066
tt0804516,7766240
tt1023441,6055859
tt0337692,9617377
tt2115295,1674776
tt2707858,21026290
tt2948840,1231606
tt8076344,4006647
tt3296658,1826583
tt3841424,3169553
tt5016946,129391
tt6304162,3917010
tt6878038,86252940
tt7063210,5784397
tt5613484,9303022
tt7549892,367173
tt0452039,36613
tt5463378,24846
tt2582784,380553
tt5466186,8771432
tt1630036,35690739
tt1456941,16533595
tt0901507,355345
tt0454976,684164
tt0974014,2058675
tt1235796,1790061
tt1319694,182253
tt0838247,2425535
tt1331307,97438
tt1452628,1671196
tt1220888,2169799
tt1270761,38269529
tt1714209,1203699
tt1720182,5396618
tt1486193,316944
tt1757742,4144297
tt1576483,39699
tt1129437,288512
tt2886632,1985
tt2800340,1075258
tt1967614,1659002
tt0294357,11705002
tt0277941,6585516
tt0772168,1080022
tt0488988,187488
tt0493949,27293743
tt1244754,11104555
tt1422020,465725
tt0488380,1449091
tt0906778,1416573
tt1536410,93759
tt1536048,2042203
tt1410051,4498
tt1795702,194099
tt1800741,140470746
tt1540128,30962335
tt0762138,663
tt1935065,495760
tt1196948,443990
tt2852406,614444
tt1999987,500207
tt2404181,16607575
tt2172584,4510934
tt1198101,11906497
tt1972819,7750
tt2343793,2624761
tt2011159,54323210
tt2238050,469701
tt2467046,27405896
tt3060492,10078
tt0409379,652228
tt2752688,3171593
tt3139538,31849
tt0876233,8298
tt3398268,34949567
tt3125324,14618727
tt2191082,491204
tt2883434,21833967
tt1274586,697847
tt1839642,1806548
tt2107861,4721182
tt2965412,19530
tt2452200,660241
tt1797504,24016152
tt3328716,7646673
tt1178665,37461274
tt2494384,270971
tt1598642,381839
tt3233418,3701325
tt3720788,103815
tt1531924,109144
tt2133333,199
tt2515030,6760531
tt3541262,138342258
tt2980472,10970
tt1731701,933847
tt1810683,17572289
tt3089778,1454682
tt1629242,82230
tt3289728,2084628
tt2070649,30996130
tt2554270,36531605
tt2969522,13316432
tt2308725,16175929
tt3862750,60273173
tt2411024,10187540
tt3142958,5919180
tt2249712,180179
tt1454545,3681695
tt2187203,5857353
tt1532957,9696629
tt3554418,1375623
tt2905838,42045981
tt4315956,13608637
tt3478962,8003331
tt4844288,7899033
tt1570559,147153
tt4503598,6147
tt4129870,200242
tt1703957,7435006
tt5117222,104214
tt2547584,25975621
tt1212909,54058
tt2315582,508169
tt1183374,22003
tt2671706,64414761
tt1544608,87273
tt3750872,19978189
tt6083230,9953274
tt5610554,15636462
tt6752992,1802696
tt8267604,64417003
tt6900448,28756961
tt8269552,2191516
tt6095472,147792047
tt5028340,349546142
tt9024106,21354152
tt5113040,430051293
tt6924650,127420861
tt0265116,6477370
tt1833844,312757
tt0403217,2456454
tt0205177,15932
tt0396818,482361
tt2226407,203758
tt0446687,1297553
tt0487928,476875
tt0417189,2893462
tt0415856,131961
tt0869994,23328518
tt1059969,2415999
tt2714380,2297261
tt3480796,1568954
tt2231253,6738764
tt2124787,33411
tt2262270,691342
tt3121562,327791
tt3774802,8459
tt2049543,4505
tt4303340,21148
tt2072233,32917353
tt5034474,388789
tt6513656,17592626
tt7133686,2379961
tt7295450,146339
tt0304678,411830
tt0383534,2280924
tt0255819,29381649
tt1024943,39997274
tt0422401,208550
tt0964539,3234706
tt0411475,390128
tt0409345,1138322
tt1241195,831931
tt2139881,53873809
tt1560220,122810399
tt2268016,117813057
tt0255653,4634077
tt0246072,26041
tt0250202,1051948
tt0219374,489075
tt0304229,4098613
tt0420609,2689799
tt0489327,7321309
tt0419420,313973
tt0772157,1944150
tt0760311,83440
tt0455805,8443998
tt0412536,13451186
tt1127877,1134837
tt1127896,9975737
tt0896529,2477315
tt1523483,635162
tt1439572,933352
tt1767382,16527747
tt1991245,38390020
tt1655416,4446852
tt2092011,488327
tt1171222,22871096
tt1894476,925762
tt0480268,8449
tt1921149,4809022
tt3236120,7452512
tt3640682,63373
tt2325977,111107
tt3369248,4900
tt1837636,1592853
tt3707106,3334927
tt2245003,7573997
tt3702652,14332467
tt5129682,81757
tt4158876,91441
tt1655461,247949
tt4645330,7994527
tt3387266,14459330
tt1620935,6698679
tt5635086,2559939
tt2872518,96942115
tt5814592,5597950
tt3344694,694981
tt5929750,7425391
tt5160154,58755
tt0307919,367742
tt4443658,176288
tt1758810,43155261
tt6333070,213043
tt5462326,165962
tt4399952,916727
tt7153766,14293601
tt6791096,94539426
tt1555209,7263
tt7137846,51411620
tt6133466,137056262
tt6288124,4241656
tt8371772,68328
tt7008872,11853081
tt5523010,173961069
tt5929754,3321367
tt4595882,12442161
tt6952960,681765
tt7137380,5580940
tt2368254,3915207
tt6920356,1777486
tt8291806,37359689
tt6107548,22386555
tt3387520,104545505
tt8350360,231252591
tt7798634,57615777
tt3864056,9932621
tt4777008,491730089
tt7549996,45987812
tt1302006,968853
tt6450804,261119292
tt0884224,1296184
tt1133993,348327
tt0383475,188467
tt3503406,1667849
tt1131724,3945729
tt5322012,23468586
tt1285009,31039126
tt6198946,3373474
tt4504044,21127789
tt0417433,17496992
tt0831884,1783226
tt0412888,7970
tt0298856,4186916
tt1097013,10172519
tt0942384,142666
tt1462054,3269546
tt3043630,77717014
tt4415016,22271862
tt4273886,14301869
tt0246765,352296
tt4193394,3924527
tt5078134,895944
tt0806027,5874530
tt0979434,24719879
tt1261954,39021
tt2468774,21701525
tt4667094,22227514
tt3173594,11239
tt3606888,16053043
tt5325452,74827344
tt1937269,20700
tt0363473,8447615
tt0796375,3748295
tt0391229,194568
tt0889134,77410
tt1237838,89442
tt0475380,429931
tt1032819,17835
tt0810945,2228368
tt0984200,304127
tt1160368,17280326
tt1161418,118492
tt1247704,18000
tt1143896,744266
tt1057581,30945
tt3183630,277143
tt1550312,1227259
tt1786751,40400
tt3186946,139186
tt3259474,50460
tt4466648,46475
tt0180837,4069261
tt0244000,13678913
tt0206926,173763
tt1533117,104731450
tt5290882,125842935
tt9282616,118153135
tt1155696,23760176
tt0372122,309404
tt3277624,63014
tt0263671,111350
tt0428541,459754
tt1514837,2285368
tt1440345,11928909
tt1621039,110387072
tt1808454,4878284
tt1841642,4476578
tt2043979,2339514
tt1743985,1369780
tt0393635,2290800
tt2023453,77229695
tt0334754,351707
tt0848542,199891
tt3028018,5994921
tt1540814,176865
tt1230215,636399
tt2358925,14431253
tt0309061,86863
tt6772874,30996615
tt0490579,407511
tt0246500,280458
tt0311110,8211508
tt0310778,9324931
tt0388395,4034232
tt0402057,92076
tt0430431,13728450
tt0479162,14967
tt2070776,12698385
tt0204700,15571
tt0953318,2744414
tt0258761,79238
tt2187115,994126
tt1621046,6972226
tt2402091,2397518
tt3526098,566795
tt3074732,239969
tt3044244,2827212
tt2199543,779835
tt2534634,1289014
tt2316868,70918
tt3170902,768449
tt3335048,510580
tt4374460,350110
tt3748512,386471
tt4614910,5896
tt0277909,29687
tt0443431,745327
tt0997047,51549674
tt0475783,32065527
tt0878674,972491
tt0282744,5022865
tt1687281,655802
tt1402488,159197038
tt1129427,90647
tt2147048,2075
tt1865393,64097
tt0408828,42022
tt1429433,6776616
tt0439876,18901
tt0419058,887272
tt1924273,2602489
tt4176776,11757243
tt2735292,2421
tt2132405,18875078
tt0380249,673248
tt0825283,4218
tt0425253,156318
tt0453047,2985837
tt0330136,814666
tt1541160,4453634
tt0449121,7506
tt1185376,3159683
tt0990404,222776
tt2145849,27498
tt1418646,3440939
tt5770620,2216083
tt0331370,633761
tt0342272,607229
tt0435479,2775311
tt0436854,1166344
tt0790769,126432
tt2103264,14858240
tt2891174,1828232
tt4935446,476384
tt3859076,5383097
tt0498355,102179
tt0949497,5666
tt1781827,4978353
tt3958780,1672306
tt0234570,5980
tt0475984,407674
tt0481797,2624759
tt2368635,866211
tt2392672,429220
tt3083008,3335613
tt4426656,118663
tt0357111,13315054
tt5687040,3075562
tt5540188,3979536
tt5390504,23355100
tt1826590,50445860
tt1579232,224236
tt1810510,360944
tt3401882,41087017
tt7489816,13189388
tt6854672,545206
tt7634968,72216294
tt6908274,17325485
tt7200946,1200582
tt5541848,3187
tt6197494,1204393
tt1710396,31158113
tt1242447,8496009
tt1407061,21584424
tt1705952,44095996
tt1798603,24079268
tt1564777,2578927
tt5816682,66558465
tt6595896,37552144
tt4073790,41142379
tt5222768,7860511
tt0297037,28316451
tt0206762,127212
tt0325761,24137
tt0289635,2561820
tt0380609,273023
tt0361322,49048
tt0406038,115314
tt2418558,5524381
tt3260022,5188128
tt6987770,2183025
tt1043451,13125579
tt1783244,8417043
tt0286516,7309845
tt1351224,1135177
tt0461936,19640129
tt0222012,274675
tt2112124,10234653
tt1562871,35911689
tt2461132,3086192
tt0446750,698544
tt1650048,399784
tt1901040,106425
tt4899406,173219
tt1833673,88031955
tt4703048,316946
tt2709692,512858819
tt6217804,48333932
tt1595366,12824118
tt0486640,146741
tt0239655,9017
tt1674775,22826
tt4337072,1713406
tt0798722,13407
tt5341036,65934
tt3861390,353284621
tt2402603,561369
tt2960930,71103
tt2182019,11575
tt3540136,81411331
tt0236034,376090
tt0881320,108609310
tt8391976,2373203
tt6336356,42170089
tt4419364,55621
tt1540011,45173154
tt3204144,2446362
tt1176954,1852478
tt1756595,343324
tt0417614,6383
tt0785077,5713425
tt0880648,1925
tt1227787,2082726
tt2121382,4094339
tt2865120,13385737
tt2322517,8602
tt2788556,4644525
tt1242545,11650726
tt3184934,5215796
tt3754976,171505
tt5029608,7478354
tt4272866,49768644
tt6335734,3878208
tt6452332,161253
tt7339826,4549531
tt5666304,1647175
tt5816374,248370
tt6223806,944991
tt3707396,24788
tt1389127,1271319
tt2872724,1437650
tt4924942,3955278
tt5253282,106212
tt3711510,728729
tt0260746,104294
tt0244094,307631
tt0212604,466664
tt0283897,1013272
tt0348853,5254422
tt6476140,14454622
tt0367153,187910
tt0363276,1446859
tt0936471,408229
tt1104006,270888
tt1440732,9374932
tt0443435,115800
tt1094627,1587401
tt1650555,142864
tt1605798,721143
tt1169809,567723
tt0476958,170255
tt2334733,658532
tt0492486,4998560
tt4940370,994901
tt1278180,1190768
tt1135084,80205382
tt2513074,30930984
tt6044910,173839072
tt7131870,870325439
tt0386741,1831348
tt0988849,694422
tt2461520,167085
tt2555652,1598
tt0265651,6200970
tt1640548,1567905
tt2125490,390024
tt1886493,291742
tt5044656,43368
tt0298798,179751
tt0419449,64910
tt1691323,134503
tt1320352,973377
tt2784512,54985
tt1056416,377401
tt8134742,2295825
tt1276105,111731
tt0799915,79770
tt8385474,75741905
tt1133989,111551
tt1965065,5719
tt2141751,423306
tt2870808,8265
tt1978480,9000
tt3844362,1110522
tt4972062,4417667
tt4230700,217473
tt2693580,138535
tt5912454,21626
tt4900708,5054326
tt5655222,4101699
tt5348236,7286136
tt5973364,29258
tt6333086,1962265
tt5884230,3816527
tt4986134,944370
tt5859238,2728446
tt5840448,35195
tt1799516,585333
tt5258306,15305
tt7205208,3375245
tt7158430,2417165
tt6443294,704955
tt7738450,458064
tt7681824,434743
tt5493944,2614006
tt5989218,7997774
tt8426594,130974
tt6829180,331704
tt6506276,213444
tt1380201,1636669
tt2304771,27985788
tt1639426,434862
tt0495032,2451379
tt0488798,31203567
tt1368440,4227984
tt1129396,9365
tt4881364,22384
tt0177650,146193
tt0210149,5159
tt0300453,3493730
tt0318068,712446
tt0253586,10133
tt0332605,157613
tt0285879,540833
tt0320244,782606
tt0315110,167999
tt0396271,159429
tt0327210,165000
tt0381717,661946
tt0348505,2788033
tt0291928,3020784
tt0494834,7965682
tt1220220,726936
tt3253930,9014591
tt1403214,1709036
tt5115024,17455542
tt0460890,2550321
tt0365960,8466
tt2263944,50461371
tt0822389,6732051
tt0914382,15610
tt6113488,18175663
tt1646926,7487555
tt0381429,1482316
tt0804540,65125001
tt0937237,784604
tt0482603,65097693
tt0790665,8272729
tt0790799,708354
tt1661420,20601245
tt1756750,6320093
tt0456123,844711
tt2012011,3434
tt2364841,62675095
tt2560102,247377
tt1626146,6337728
tt3104818,28208
tt2330546,1656743
tt1328642,16578105
tt3660370,1341430
tt2944198,13848
tt1726889,3713255
tt1850394,31822402
tt0881310,2418958
tt3169710,134440
tt0848538,22994406
tt1043635,1190456
tt0282552,7662206
tt0419256,2846148
tt0989000,1294176
tt1210106,11198830
tt0808526,807162
tt4428788,8754356
tt2181867,314543
tt5580266,34934009
tt6513120,40812363
tt4426738,489198
tt3317208,78270
tt5657856,64453
tt1097643,812872
tt0369053,3452023
tt2253939,7223101
tt3467412,2350695
tt3322892,55668
tt0840322,719556
tt2614860,4998164
tt1734493,4699125
tt0365514,3719929
tt2171867,1212500
tt4824302,48782670
tt7605074,699992512
tt1739212,57082491
tt2375379,74223861
tt0376105,90754475
tt0337881,202737
tt2425486,6461559
tt3877674,4765472
tt3430416,278660
tt4827986,5081495
tt6768578,5080147
tt3385524,24420923
tt8236336,232305
tt5952594,6405816
tt6062774,1929915
tt8378126,437005
tt9581076,8096596
tt8266310,18096691
tt2371158,1387956
tt0377750,898994
tt1995341,60818
tt3416536,246133
tt3825638,4574756
tt5088794,82144
tt4578118,31238
tt0469897,66517
tt1483831,1286008
tt0411951,1697207
tt1488181,34428345
tt2094877,11509942
tt0804463,2033154
tt0976216,3416500
tt5501104,2177678
tt0168446,65090
tt0287645,492661
tt1925518,3399790
tt2238032,136579287
tt1724970,992181
tt3722614,24416
tt5270948,18263470
tt5670152,9515914
tt4602066,953953
tt7690670,20780685
tt6182908,214115531
tt5789976,11517629
tt1666800,17737092
tt6806448,759056935
tt0844671,6265483
tt0472198,44420167
